{"model":{"0":"PILOT","1":"PILOT","2":"PILOT"},"dataset":{"0":"ansim","1":"ansim","2":"ansim"},"fold_idx":{"0":1,"1":1,"2":1},"subset_idx":{"0":0,"1":1,"2":2},"frame_recall":{"0":0.0,"1":0.0,"2":0.2325000018},"doa_error":{"0":39.8616600037,"1":40.5654525757,"2":40.2982177734}}