{"model":{"0":"CNN","1":"CNN","2":"CNN","3":"CNN","4":"CNN","5":"CNN","6":"CNN","7":"CNN","8":"CNN","9":"CNN"},"dataset":{"0":"ansim","1":"ansim","2":"ansim","3":"ansim","4":"ansim","5":"ansim","6":"ansim","7":"ansim","8":"ansim","9":"ansim"},"fold_idx":{"0":1,"1":1,"2":1,"3":1,"4":1,"5":1,"6":1,"7":1,"8":1,"9":1},"subset_idx":{"0":0,"1":0,"2":0,"3":0,"4":0,"5":0,"6":0,"7":0,"8":0,"9":0},"frame_recall":{"0":0.9925000072,"1":0.9950000048,"2":0.9950000048,"3":0.9862499833,"4":0.9612500072,"5":0.9975000024,"6":0.9775000215,"7":0.9962499738,"8":0.9912499785,"9":0.9900000095},"doa_error":{"0":16.217546463,"1":10.0906791687,"2":14.7057695389,"3":8.9629354477,"4":16.7398700714,"5":16.7870082855,"6":10.8708276749,"7":12.1683921814,"8":14.0261230469,"9":12.9945411682}}