{"model":{"0":"CNN","1":"CNN","2":"CNN"},"dataset":{"0":"resim","1":"resim","2":"resim"},"fold_idx":{"0":1,"1":1,"2":1},"subset_idx":{"0":0,"1":1,"2":2},"frame_recall":{"0":0.7250000238,"1":0.3300000131,"2":0.2524999976},"doa_error":{"0":133.6125183105,"1":73.434677124,"2":57.8153114319}}