{"frame_recall": [0.9925000071525574, 0.9950000047683716, 0.9950000047683716, 0.9862499833106995, 0.9612500071525574, 0.9975000023841858, 0.9775000214576721, 0.9962499737739563, 0.9912499785423279, 0.9900000095367432], "doa_error": [16.217546463012695, 10.090679168701172, 14.705769538879395, 8.962935447692871, 16.739870071411133, 16.78700828552246, 10.870827674865723, 12.168392181396484, 14.026123046875, 12.99454116821289], "model": "CNN", "dataset": "ansim", "fold_idx": 1, "average_frame_recall": 0.9882500171661377, "average_doa_error": 13.356369018554688}