{"model":{"0":"CNN","1":"CNN","2":"CNN"},"dataset":{"0":"ansim","1":"ansim","2":"ansim"},"fold_idx":{"0":1,"1":1,"2":1},"subset_idx":{"0":0,"1":1,"2":2},"frame_recall":{"0":0.6700000167,"1":0.3224999905,"2":0.2524999976},"doa_error":{"0":97.9951705933,"1":75.5173873901,"2":70.2495651245}}